{"v":"4.8.0","meta":{"g":"LottieFiles AE ","a":"","k":"","d":"","tc":""},"fr":59.9400024414062,"ip":0,"op":120.0000048877,"w":500,"h":500,"nm":"pizza","ddd":0,"assets":[],"layers":[{"ddd":0,"ind":1,"ty":4,"nm":"Shape Layer 1","sr":1,"ks":{"o":{"a":0,"k":100,"ix":11},"r":{"a":0,"k":0,"ix":10},"p":{"a":1,"k":[{"i":{"x":0.833,"y":0.833},"o":{"x":0.167,"y":0.167},"t":0,"s":[166.594,400.094,0],"to":[0.583,2,0],"ti":[-0.583,-4.667,0]},{"i":{"x":0.833,"y":0.833},"o":{"x":0.167,"y":0.167},"t":19,"s":[170.094,412.094,0],"to":[0.583,4.667,0],"ti":[0,-3,0]},{"i":{"x":0.833,"y":0.833},"o":{"x":0.167,"y":0.167},"t":37.345,"s":[170.094,428.094,0],"to":[0,3,0],"ti":[0,-0.333,0]},{"t":47.0000019143492,"s":[170.094,430.094,0]}],"ix":2},"a":{"a":0,"k":[-55.406,171.594,0],"ix":1},"s":{"a":0,"k":[100,100,100],"ix":6}},"ao":0,"shapes":[{"ty":"gr","it":[{"ind":0,"ty":"sh","ix":1,"ks":{"a":1,"k":[{"i":{"x":0.833,"y":0.833},"o":{"x":0.167,"y":0.167},"t":14,"s":[{"i":[[-5.719,3.625],[-5.938,-10.594],[5.022,0],[2.857,4.131]],"o":[[4.242,-2.689],[2.456,4.381],[-5.022,0],[-6.607,-9.552]],"v":[[-5.375,-18.469],[5.594,-2.5],[-2.5,6.594],[-8.594,1.25]],"c":true}]},{"i":{"x":0.833,"y":0.833},"o":{"x":0.167,"y":0.167},"t":19,"s":[{"i":[[-5.719,3.625],[-5.938,-10.594],[5.022,0],[2.857,4.131]],"o":[[4.242,-2.689],[2.456,4.381],[-5.022,0],[-6.607,-9.552]],"v":[[-5.375,-18.469],[6.094,-0.5],[0.5,7.594],[-8.594,1.25]],"c":true}]},{"i":{"x":0.833,"y":0.833},"o":{"x":0.167,"y":0.167},"t":33,"s":[{"i":[[-10.325,-1.083],[2.706,-17.552],[5.022,0],[2.857,4.131]],"o":[[4.995,0.524],[-0.765,4.964],[-5.022,0],[-6.607,-9.552]],"v":[[-5.375,-18.469],[6.094,-0.5],[0.5,7.594],[-5.844,0.75]],"c":true}]},{"i":{"x":0.833,"y":0.833},"o":{"x":0.167,"y":0.167},"t":37.345,"s":[{"i":[[-5.022,0],[0,-5.022],[5.022,0],[0,5.022]],"o":[[5.022,0],[0,5.022],[-5.022,0],[0,-5.022]],"v":[[-0.125,-8.969],[9.594,1.25],[0.5,7.594],[-9.344,0.75]],"c":true}]},{"t":47.0000019143492,"s":[{"i":[[-5.022,0],[-3.562,-1.219],[5.022,0],[-4.916,1.03]],"o":[[5.022,0],[4.752,1.626],[-5.022,0],[4.625,-0.969]],"v":[[1,3.781],[13.969,3.625],[0.5,7.594],[-10.594,4]],"c":true}]}],"ix":2},"nm":"Path 1","mn":"ADBE Vector Shape - Group","hd":false},{"ty":"fl","c":{"a":0,"k":[1,0.784313785329,0.019607843137,1],"ix":4},"o":{"a":0,"k":100,"ix":5},"r":1,"bm":0,"nm":"Fill 1","mn":"ADBE Vector Graphic - Fill","hd":false},{"ty":"tr","p":{"a":0,"k":[-55.406,171.594],"ix":2},"a":{"a":0,"k":[0,0],"ix":1},"s":{"a":0,"k":[100,100],"ix":3},"r":{"a":0,"k":0,"ix":6},"o":{"a":0,"k":100,"ix":7},"sk":{"a":0,"k":0,"ix":4},"sa":{"a":0,"k":0,"ix":5},"nm":"Transform"}],"nm":"Ellipse 1","np":3,"cix":2,"bm":0,"ix":1,"mn":"ADBE Vector Group","hd":false}],"ip":14.0000005702317,"op":5131.00020898991,"st":0,"bm":0},{"ddd":0,"ind":2,"ty":4,"nm":"Layer 12 Outlines","sr":1,"ks":{"o":{"a":0,"k":100,"ix":11},"r":{"a":0,"k":0,"ix":10},"p":{"a":0,"k":[175.725,434.477,0],"ix":2},"a":{"a":0,"k":[27.786,3.425,0],"ix":1},"s":{"a":1,"k":[{"i":{"x":[0.833,0.833,0.833],"y":[0.833,0.833,0.833]},"o":{"x":[0.167,0.167,0.167],"y":[0.167,0.167,0.167]},"t":33,"s":[100,100,100]},{"i":{"x":[0.833,0.833,0.833],"y":[0.833,0.833,0.833]},"o":{"x":[0.167,0.167,0.167],"y":[0.167,0.167,0.167]},"t":47,"s":[117,100,100]},{"i":{"x":[0.833,0.833,0.833],"y":[0.833,0.833,0.833]},"o":{"x":[0.167,0.167,0.167],"y":[0.167,0.167,0.167]},"t":93,"s":[117,100,100]},{"t":116.000004724777,"s":[100,100,100]}],"ix":6}},"ao":0,"shapes":[{"ty":"gr","it":[{"ind":0,"ty":"sh","ix":1,"ks":{"a":0,"k":{"i":[[0,-1.892],[15.347,0],[0,1.892],[-15.345,0]],"o":[[0,1.892],[-15.345,0],[0,-1.892],[15.347,0]],"v":[[27.786,0],[-0.001,3.425],[-27.787,0],[-0.001,-3.425]],"c":true},"ix":2},"nm":"Path 1","mn":"ADBE Vector Shape - Group","hd":false},{"ty":"fl","c":{"a":0,"k":[1,0.784313785329,0.019607843137,1],"ix":4},"o":{"a":0,"k":100,"ix":5},"r":1,"bm":0,"nm":"Fill 1","mn":"ADBE Vector Graphic - Fill","hd":false},{"ty":"tr","p":{"a":0,"k":[27.786,3.425],"ix":2},"a":{"a":0,"k":[0,0],"ix":1},"s":{"a":0,"k":[100,100],"ix":3},"r":{"a":0,"k":0,"ix":6},"o":{"a":0,"k":100,"ix":7},"sk":{"a":0,"k":0,"ix":4},"sa":{"a":0,"k":0,"ix":5},"nm":"Transform"}],"nm":"Group 1","np":2,"cix":2,"bm":0,"ix":1,"mn":"ADBE Vector Group","hd":false}],"ip":0,"op":5131.00020898991,"st":0,"bm":0},{"ddd":0,"ind":3,"ty":4,"nm":"Layer 10 Outlines","sr":1,"ks":{"o":{"a":0,"k":60,"ix":11},"r":{"a":0,"k":0,"ix":10},"p":{"a":1,"k":[{"i":{"x":0.833,"y":0.833},"o":{"x":0.167,"y":0.167},"t":0,"s":[99.437,300.312,0],"to":[0,0,0],"ti":[0,0,0]},{"i":{"x":0.833,"y":0.833},"o":{"x":0.167,"y":0.167},"t":60,"s":[99.437,298.312,0],"to":[0,0,0],"ti":[0,0,0]},{"t":120.0000048877,"s":[99.437,300.312,0]}],"ix":2},"a":{"a":0,"k":[13.551,13.551,0],"ix":1},"s":{"a":0,"k":[100,100,100],"ix":6}},"ao":0,"shapes":[{"ty":"gr","it":[{"ind":0,"ty":"sh","ix":1,"ks":{"a":0,"k":{"i":[[0,-7.483],[7.484,0],[0,7.484],[-7.484,0]],"o":[[0,7.484],[-7.484,0],[0,-7.483],[7.484,0]],"v":[[13.551,-0.001],[0,13.551],[-13.552,-0.001],[0,-13.552]],"c":true},"ix":2},"nm":"Path 1","mn":"ADBE Vector Shape - Group","hd":false},{"ty":"fl","c":{"a":0,"k":[0.847058883368,0.274509803922,0.164705882353,1],"ix":4},"o":{"a":0,"k":100,"ix":5},"r":1,"bm":0,"nm":"Fill 1","mn":"ADBE Vector Graphic - Fill","hd":false},{"ty":"tr","p":{"a":0,"k":[13.551,13.551],"ix":2},"a":{"a":0,"k":[0,0],"ix":1},"s":{"a":0,"k":[100,100],"ix":3},"r":{"a":0,"k":0,"ix":6},"o":{"a":0,"k":100,"ix":7},"sk":{"a":0,"k":0,"ix":4},"sa":{"a":0,"k":0,"ix":5},"nm":"Transform"}],"nm":"Group 1","np":2,"cix":2,"bm":0,"ix":1,"mn":"ADBE Vector Group","hd":false}],"ip":0,"op":5131.00020898991,"st":0,"bm":0},{"ddd":0,"ind":4,"ty":4,"nm":"Layer 9 Outlines","sr":1,"ks":{"o":{"a":0,"k":60,"ix":11},"r":{"a":1,"k":[{"i":{"x":[0.833],"y":[0.833]},"o":{"x":[0.167],"y":[0.167]},"t":0,"s":[0]},{"i":{"x":[0.833],"y":[0.833]},"o":{"x":[0.167],"y":[0.167]},"t":59,"s":[10]},{"t":120.0000048877,"s":[0]}],"ix":10},"p":{"a":0,"k":[103.343,234.651,0],"ix":2},"a":{"a":0,"k":[9.645,9.372,0],"ix":1},"s":{"a":0,"k":[100,100,100],"ix":6}},"ao":0,"shapes":[{"ty":"gr","it":[{"ind":0,"ty":"sh","ix":1,"ks":{"a":0,"k":{"i":[[2.926,-2.095],[-2.299,-2.38],[1.084,-0.649],[1.237,-0.568],[0,0],[0,0],[-1.544,2.491],[-0.779,0.992],[-0.784,-0.996],[-2.276,2.91],[3.801,4.308]],"o":[[-2.828,2.024],[0.878,0.909],[-1.075,0.645],[-2.664,1.222],[0,0],[0,0],[0.725,-1.169],[0.783,-0.996],[2.258,2.869],[1.844,-2.356],[-3.801,-4.308]],"v":[[-5.432,-8.312],[-4.464,-1.754],[-4.868,1.293],[-8.515,3.26],[-8.296,7.232],[-7.872,7.712],[-3.959,8.424],[-1.528,5.017],[1.552,5.016],[8.33,7.286],[6.665,-5.115]],"c":true},"ix":2},"nm":"Path 1","mn":"ADBE Vector Shape - Group","hd":false},{"ty":"fl","c":{"a":0,"k":[0.956862804936,0.623529411765,0.117647066303,1],"ix":4},"o":{"a":0,"k":100,"ix":5},"r":1,"bm":0,"nm":"Fill 1","mn":"ADBE Vector Graphic - Fill","hd":false},{"ty":"tr","p":{"a":0,"k":[9.645,9.372],"ix":2},"a":{"a":0,"k":[0,0],"ix":1},"s":{"a":0,"k":[100,100],"ix":3},"r":{"a":0,"k":0,"ix":6},"o":{"a":0,"k":100,"ix":7},"sk":{"a":0,"k":0,"ix":4},"sa":{"a":0,"k":0,"ix":5},"nm":"Transform"}],"nm":"Group 1","np":2,"cix":2,"bm":0,"ix":1,"mn":"ADBE Vector Group","hd":false}],"ip":0,"op":5131.00020898991,"st":0,"bm":0},{"ddd":0,"ind":5,"ty":4,"nm":"Layer 8 Outlines","sr":1,"ks":{"o":{"a":0,"k":60,"ix":11},"r":{"a":0,"k":0,"ix":10},"p":{"a":1,"k":[{"i":{"x":0.833,"y":0.833},"o":{"x":0.167,"y":0.167},"t":0,"s":[168.796,219.992,0],"to":[0,0,0],"ti":[0,0,0]},{"i":{"x":0.833,"y":0.833},"o":{"x":0.167,"y":0.167},"t":60,"s":[168.546,221.742,0],"to":[0,0,0],"ti":[0,0,0]},{"t":120.0000048877,"s":[168.796,219.992,0]}],"ix":2},"a":{"a":0,"k":[5.346,5.345,0],"ix":1},"s":{"a":0,"k":[100,100,100],"ix":6}},"ao":0,"shapes":[{"ty":"gr","it":[{"ind":0,"ty":"sh","ix":1,"ks":{"a":0,"k":{"i":[[0,-2.952],[2.952,0],[0,2.952],[-2.952,0]],"o":[[0,2.952],[-2.952,0],[0,-2.952],[2.952,0]],"v":[[5.345,0],[0,5.345],[-5.345,0],[0,-5.345]],"c":true},"ix":2},"nm":"Path 1","mn":"ADBE Vector Shape - Group","hd":false},{"ty":"fl","c":{"a":0,"k":[0.847058883368,0.274509803922,0.164705882353,1],"ix":4},"o":{"a":0,"k":100,"ix":5},"r":1,"bm":0,"nm":"Fill 1","mn":"ADBE Vector Graphic - Fill","hd":false},{"ty":"tr","p":{"a":0,"k":[5.346,5.345],"ix":2},"a":{"a":0,"k":[0,0],"ix":1},"s":{"a":0,"k":[100,100],"ix":3},"r":{"a":0,"k":0,"ix":6},"o":{"a":0,"k":100,"ix":7},"sk":{"a":0,"k":0,"ix":4},"sa":{"a":0,"k":0,"ix":5},"nm":"Transform"}],"nm":"Group 1","np":2,"cix":2,"bm":0,"ix":1,"mn":"ADBE Vector Group","hd":false}],"ip":0,"op":5131.00020898991,"st":0,"bm":0},{"ddd":0,"ind":6,"ty":4,"nm":"Layer 7 Outlines","sr":1,"ks":{"o":{"a":0,"k":60,"ix":11},"r":{"a":1,"k":[{"i":{"x":[0.833],"y":[0.833]},"o":{"x":[0.167],"y":[0.167]},"t":0,"s":[0]},{"i":{"x":[0.833],"y":[0.833]},"o":{"x":[0.167],"y":[0.167]},"t":59,"s":[-10]},{"t":120.0000048877,"s":[0]}],"ix":10},"p":{"a":0,"k":[184.83,155.059,0],"ix":2},"a":{"a":0,"k":[24.035,24.738,0],"ix":1},"s":{"a":0,"k":[100,100,100],"ix":6}},"ao":0,"shapes":[{"ty":"gr","it":[{"ind":0,"ty":"sh","ix":1,"ks":{"a":0,"k":{"i":[[-5.373,-7.504],[-6.105,5.896],[-1.668,-2.78],[-1.456,-3.173],[0,0],[0,0],[6.387,3.96],[2.544,1.999],[-2.555,2.011],[7.464,5.838],[11.049,-9.748]],"o":[[5.192,7.251],[2.331,-2.251],[1.654,2.758],[3.134,6.83],[0,0],[0,0],[-2.999,-1.859],[-2.557,-2.008],[7.357,-5.791],[-6.043,-4.728],[-11.048,9.748]],"v":[[-21.318,13.933],[-4.499,11.451],[3.317,12.486],[8.361,21.841],[18.546,21.279],[19.778,20.192],[21.604,10.156],[12.867,3.92],[12.864,-3.978],[18.685,-21.363],[-13.119,-17.091]],"c":true},"ix":2},"nm":"Path 1","mn":"ADBE Vector Shape - Group","hd":false},{"ty":"fl","c":{"a":0,"k":[0.956862804936,0.623529411765,0.117647066303,1],"ix":4},"o":{"a":0,"k":100,"ix":5},"r":1,"bm":0,"nm":"Fill 1","mn":"ADBE Vector Graphic - Fill","hd":false},{"ty":"tr","p":{"a":0,"k":[24.035,24.738],"ix":2},"a":{"a":0,"k":[0,0],"ix":1},"s":{"a":0,"k":[100,100],"ix":3},"r":{"a":0,"k":0,"ix":6},"o":{"a":0,"k":100,"ix":7},"sk":{"a":0,"k":0,"ix":4},"sa":{"a":0,"k":0,"ix":5},"nm":"Transform"}],"nm":"Group 1","np":2,"cix":2,"bm":0,"ix":1,"mn":"ADBE Vector Group","hd":false}],"ip":0,"op":5131.00020898991,"st":0,"bm":0},{"ddd":0,"ind":7,"ty":4,"nm":"Layer 6 Outlines","sr":1,"ks":{"o":{"a":0,"k":60,"ix":11},"r":{"a":0,"k":0,"ix":10},"p":{"a":1,"k":[{"i":{"x":0.833,"y":0.833},"o":{"x":0.167,"y":0.167},"t":0,"s":[264.83,147.995,0],"to":[0,0,0],"ti":[0,0,0]},{"i":{"x":0.833,"y":0.833},"o":{"x":0.167,"y":0.167},"t":60,"s":[267.33,147.495,0],"to":[0,0,0],"ti":[0,0,0]},{"t":120.0000048877,"s":[264.83,147.995,0]}],"ix":2},"a":{"a":0,"k":[6.443,6.443,0],"ix":1},"s":{"a":0,"k":[100,100,100],"ix":6}},"ao":0,"shapes":[{"ty":"gr","it":[{"ind":0,"ty":"sh","ix":1,"ks":{"a":0,"k":{"i":[[0,-3.559],[3.558,0],[0,3.558],[-3.558,0]],"o":[[0,3.558],[-3.558,0],[0,-3.559],[3.558,0]],"v":[[6.443,0],[0,6.443],[-6.443,0],[0,-6.443]],"c":true},"ix":2},"nm":"Path 1","mn":"ADBE Vector Shape - Group","hd":false},{"ty":"fl","c":{"a":0,"k":[0.847058883368,0.274509803922,0.164705882353,1],"ix":4},"o":{"a":0,"k":100,"ix":5},"r":1,"bm":0,"nm":"Fill 1","mn":"ADBE Vector Graphic - Fill","hd":false},{"ty":"tr","p":{"a":0,"k":[6.443,6.443],"ix":2},"a":{"a":0,"k":[0,0],"ix":1},"s":{"a":0,"k":[100,100],"ix":3},"r":{"a":0,"k":0,"ix":6},"o":{"a":0,"k":100,"ix":7},"sk":{"a":0,"k":0,"ix":4},"sa":{"a":0,"k":0,"ix":5},"nm":"Transform"}],"nm":"Group 1","np":2,"cix":2,"bm":0,"ix":1,"mn":"ADBE Vector Group","hd":false}],"ip":0,"op":5131.00020898991,"st":0,"bm":0},{"ddd":0,"ind":8,"ty":4,"nm":"Layer 5 Outlines","sr":1,"ks":{"o":{"a":0,"k":60,"ix":11},"r":{"a":1,"k":[{"i":{"x":[0.833],"y":[0.833]},"o":{"x":[0.167],"y":[0.167]},"t":0,"s":[0]},{"i":{"x":[0.833],"y":[0.833]},"o":{"x":[0.167],"y":[0.167]},"t":59,"s":[-10]},{"t":120.0000048877,"s":[0]}],"ix":10},"p":{"a":0,"k":[330.657,141.553,0],"ix":2},"a":{"a":0,"k":[10.414,9.772,0],"ix":1},"s":{"a":0,"k":[100,100,100],"ix":6}},"ao":0,"shapes":[{"ty":"gr","it":[{"ind":0,"ty":"sh","ix":1,"ks":{"a":0,"k":{"i":[[-0.187,-3.593],[-3.244,0.653],[0.037,-1.263],[0.188,-1.348],[0,0],[0,0],[1.265,2.642],[0.415,1.19],[-1.261,0.124],[1.224,3.485],[5.677,-0.88]],"o":[[0.182,3.472],[1.238,-0.25],[-0.037,1.253],[-0.406,2.901],[0,0],[0,0],[-0.594,-1.241],[-0.418,-1.197],[3.633,-0.356],[-0.991,-2.822],[-5.677,0.88]],"v":[[-10.407,-1.163],[-4.362,1.556],[-2.013,3.538],[-2.322,7.67],[1.141,9.626],[1.774,9.527],[4.482,6.615],[2.923,2.732],[4.581,0.137],[10.146,-4.349],[-1.196,-9.629]],"c":true},"ix":2},"nm":"Path 1","mn":"ADBE Vector Shape - Group","hd":false},{"ty":"fl","c":{"a":0,"k":[0.956862804936,0.623529411765,0.117647066303,1],"ix":4},"o":{"a":0,"k":100,"ix":5},"r":1,"bm":0,"nm":"Fill 1","mn":"ADBE Vector Graphic - Fill","hd":false},{"ty":"tr","p":{"a":0,"k":[10.414,9.773],"ix":2},"a":{"a":0,"k":[0,0],"ix":1},"s":{"a":0,"k":[100,100],"ix":3},"r":{"a":0,"k":0,"ix":6},"o":{"a":0,"k":100,"ix":7},"sk":{"a":0,"k":0,"ix":4},"sa":{"a":0,"k":0,"ix":5},"nm":"Transform"}],"nm":"Group 1","np":2,"cix":2,"bm":0,"ix":1,"mn":"ADBE Vector Group","hd":false}],"ip":0,"op":5131.00020898991,"st":0,"bm":0},{"ddd":0,"ind":9,"ty":4,"nm":"Layer 4 Outlines","sr":1,"ks":{"o":{"a":0,"k":60,"ix":11},"r":{"a":0,"k":0,"ix":10},"p":{"a":1,"k":[{"i":{"x":0.833,"y":0.833},"o":{"x":0.167,"y":0.167},"t":0,"s":[376.258,194.478,0],"to":[0,0,0],"ti":[0,0,0]},{"i":{"x":0.833,"y":0.833},"o":{"x":0.167,"y":0.167},"t":60,"s":[375.258,196.728,0],"to":[0,0,0],"ti":[0,0,0]},{"t":120.0000048877,"s":[376.258,194.478,0]}],"ix":2},"a":{"a":0,"k":[13.551,13.551,0],"ix":1},"s":{"a":0,"k":[100,100,100],"ix":6}},"ao":0,"shapes":[{"ty":"gr","it":[{"ind":0,"ty":"sh","ix":1,"ks":{"a":0,"k":{"i":[[0,-7.484],[7.485,0],[0,7.484],[-7.484,0]],"o":[[0,7.484],[-7.484,0],[0,-7.484],[7.485,0]],"v":[[13.552,0],[0,13.551],[-13.551,0],[0,-13.551]],"c":true},"ix":2},"nm":"Path 1","mn":"ADBE Vector Shape - Group","hd":false},{"ty":"fl","c":{"a":0,"k":[0.847058883368,0.274509803922,0.164705882353,1],"ix":4},"o":{"a":0,"k":100,"ix":5},"r":1,"bm":0,"nm":"Fill 1","mn":"ADBE Vector Graphic - Fill","hd":false},{"ty":"tr","p":{"a":0,"k":[13.551,13.551],"ix":2},"a":{"a":0,"k":[0,0],"ix":1},"s":{"a":0,"k":[100,100],"ix":3},"r":{"a":0,"k":0,"ix":6},"o":{"a":0,"k":100,"ix":7},"sk":{"a":0,"k":0,"ix":4},"sa":{"a":0,"k":0,"ix":5},"nm":"Transform"}],"nm":"Group 1","np":2,"cix":2,"bm":0,"ix":1,"mn":"ADBE Vector Group","hd":false}],"ip":0,"op":5131.00020898991,"st":0,"bm":0},{"ddd":0,"ind":10,"ty":4,"nm":"Layer 3 Outlines","sr":1,"ks":{"o":{"a":0,"k":60,"ix":11},"r":{"a":1,"k":[{"i":{"x":[0.833],"y":[0.833]},"o":{"x":[0.167],"y":[0.167]},"t":0,"s":[0]},{"i":{"x":[0.833],"y":[0.833]},"o":{"x":[0.167],"y":[0.167]},"t":59,"s":[10]},{"t":120.0000048877,"s":[0]}],"ix":10},"p":{"a":0,"k":[419.455,265.137,0],"ix":2},"a":{"a":0,"k":[19.919,19.354,0],"ix":1},"s":{"a":0,"k":[100,100,100],"ix":6}},"ao":0,"shapes":[{"ty":"gr","it":[{"ind":0,"ty":"sh","ix":1,"ks":{"a":0,"k":{"i":[[6.043,-4.326],[-4.747,-4.916],[2.238,-1.342],[2.554,-1.172],[0,0],[0,0],[-3.189,5.143],[-1.61,2.049],[-1.619,-2.058],[-4.701,6.009],[7.85,8.897]],"o":[[-5.839,4.181],[1.813,1.877],[-2.22,1.332],[-5.5,2.523],[0,0],[0,0],[1.497,-2.415],[1.617,-2.059],[4.662,5.924],[3.807,-4.867],[-7.849,-8.896]],"v":[[-11.22,-17.166],[-9.221,-3.623],[-10.055,2.67],[-17.587,6.732],[-17.135,14.934],[-16.26,15.925],[-8.178,17.396],[-3.157,10.361],[3.203,10.359],[17.202,15.046],[13.762,-10.564]],"c":true},"ix":2},"nm":"Path 1","mn":"ADBE Vector Shape - Group","hd":false},{"ty":"fl","c":{"a":0,"k":[0.956862804936,0.623529411765,0.117647066303,1],"ix":4},"o":{"a":0,"k":100,"ix":5},"r":1,"bm":0,"nm":"Fill 1","mn":"ADBE Vector Graphic - Fill","hd":false},{"ty":"tr","p":{"a":0,"k":[19.919,19.354],"ix":2},"a":{"a":0,"k":[0,0],"ix":1},"s":{"a":0,"k":[100,100],"ix":3},"r":{"a":0,"k":0,"ix":6},"o":{"a":0,"k":100,"ix":7},"sk":{"a":0,"k":0,"ix":4},"sa":{"a":0,"k":0,"ix":5},"nm":"Transform"}],"nm":"Group 1","np":2,"cix":2,"bm":0,"ix":1,"mn":"ADBE Vector Group","hd":false}],"ip":0,"op":5131.00020898991,"st":0,"bm":0},{"ddd":0,"ind":11,"ty":4,"nm":"Layer 13 Outlines","parent":13,"sr":1,"ks":{"o":{"a":0,"k":100,"ix":11},"r":{"a":0,"k":0,"ix":10},"p":{"a":0,"k":[48.829,222.238,0],"ix":2},"a":{"a":0,"k":[14.915,23.375,0],"ix":1},"s":{"a":0,"k":[100,100,100],"ix":6}},"ao":0,"shapes":[{"ty":"gr","it":[{"ind":0,"ty":"sh","ix":1,"ks":{"a":0,"k":{"i":[[0,-0.34],[0.01,-0.07],[4.34,0],[1.12,0.6],[0.51,0.48],[0,2.29],[-4.4,0],[-0.49,-3.94]],"o":[[0,0.07],[-0.1,4.3],[-1.36,0],[-0.62,-0.33],[-1.55,-1.45],[0,-4.41],[4.07,0],[0.04,0.33]],"v":[[7.975,0.005],[7.965,0.215],[-0.005,7.975],[-3.755,7.035],[-5.455,5.815],[-7.975,0.005],[-0.005,-7.975],[7.915,-0.995]],"c":true},"ix":2},"nm":"Path 1","mn":"ADBE Vector Shape - Group","hd":false},{"ty":"fl","c":{"a":0,"k":[1,0.784313785329,0.019607843137,1],"ix":4},"o":{"a":0,"k":100,"ix":5},"r":1,"bm":0,"nm":"Fill 1","mn":"ADBE Vector Graphic - Fill","hd":false},{"ty":"tr","p":{"a":0,"k":[8.225,8.225],"ix":2},"a":{"a":0,"k":[0,0],"ix":1},"s":{"a":0,"k":[100,100],"ix":3},"r":{"a":0,"k":0,"ix":6},"o":{"a":0,"k":100,"ix":7},"sk":{"a":0,"k":0,"ix":4},"sa":{"a":0,"k":0,"ix":5},"nm":"Transform"}],"nm":"Group 1","np":2,"cix":2,"bm":0,"ix":1,"mn":"ADBE Vector Group","hd":false},{"ty":"gr","it":[{"ind":0,"ty":"sh","ix":1,"ks":{"a":1,"k":[{"i":{"x":0.833,"y":0.833},"o":{"x":0.167,"y":0.167},"t":0,"s":[{"i":[[-3.23,-5.51],[5.23,3.71],[7.73,7.16],[0.11,0.099],[0.57,0.33],[0,2.29],[-4.4,0],[-0.49,-3.94],[-0.03,-0.4]],"o":[[5.82,9.931],[-9.34,-6.619],[-0.11,-0.099],[-0.57,-0.491],[-1.55,-1.449],[0,-4.41],[4.07,0],[0.01,0.401],[0.52,7.83]],"v":[[8.845,6.535],[-2.685,19.415],[-10.105,-7.805],[-10.445,-8.114],[-12.145,-9.335],[-14.665,-15.145],[-6.695,-23.125],[1.225,-16.145],[1.275,-14.935]],"c":true}]},{"i":{"x":0.833,"y":0.833},"o":{"x":0.167,"y":0.167},"t":29,"s":[{"i":[[-5.93,-8.842],[4.327,4.732],[8.27,15.748],[0.11,0.099],[0.57,0.33],[0,2.29],[-4.4,0],[-0.49,-3.94],[0.012,-0.401]],"o":[[6.411,9.56],[-14.15,-15.472],[-0.069,-0.131],[-0.57,-0.491],[-1.55,-1.449],[0,-4.41],[4.07,0],[0.01,0.401],[-0.36,12.128]],"v":[[9.845,18.535],[-1.685,31.415],[-10.105,-7.805],[-10.445,-8.114],[-12.145,-9.335],[-14.665,-15.145],[-6.695,-23.125],[1.225,-16.145],[1.275,-14.935]],"c":true}]},{"i":{"x":0.833,"y":0.833},"o":{"x":0.167,"y":0.167},"t":52,"s":[{"i":[[-5.93,-8.842],[4.327,4.732],[8.27,15.748],[0.11,0.099],[0.57,0.33],[0,2.29],[-4.4,0],[-0.49,-3.94],[0.012,-0.401]],"o":[[6.411,9.56],[-14.15,-15.472],[-0.069,-0.131],[-0.57,-0.491],[-1.55,-1.449],[0,-4.41],[4.07,0],[0.01,0.401],[-0.36,12.128]],"v":[[9.845,18.535],[-1.685,31.415],[-10.105,-7.805],[-10.445,-8.114],[-12.145,-9.335],[-14.665,-15.145],[-6.695,-23.125],[1.225,-16.145],[1.275,-14.935]],"c":true}]},{"t":94.0000038286985,"s":[{"i":[[-3.23,-5.51],[5.23,3.71],[7.73,7.16],[0.11,0.099],[0.57,0.33],[0,2.29],[-4.4,0],[-0.49,-3.94],[-0.03,-0.4]],"o":[[5.82,9.931],[-9.34,-6.619],[-0.11,-0.099],[-0.57,-0.491],[-1.55,-1.449],[0,-4.41],[4.07,0],[0.01,0.401],[0.52,7.83]],"v":[[8.845,6.535],[-2.685,19.415],[-10.105,-7.805],[-10.445,-8.114],[-12.145,-9.335],[-14.665,-15.145],[-6.695,-23.125],[1.225,-16.145],[1.275,-14.935]],"c":true}]}],"ix":2},"nm":"Path 1","mn":"ADBE Vector Shape - Group","hd":false},{"ty":"fl","c":{"a":0,"k":[1,0.784313785329,0.019607843137,1],"ix":4},"o":{"a":0,"k":100,"ix":5},"r":1,"bm":0,"nm":"Fill 1","mn":"ADBE Vector Graphic - Fill","hd":false},{"ty":"tr","p":{"a":0,"k":[14.915,23.375],"ix":2},"a":{"a":0,"k":[0,0],"ix":1},"s":{"a":0,"k":[100,100],"ix":3},"r":{"a":0,"k":0,"ix":6},"o":{"a":0,"k":100,"ix":7},"sk":{"a":0,"k":0,"ix":4},"sa":{"a":0,"k":0,"ix":5},"nm":"Transform"}],"nm":"Group 2","np":2,"cix":2,"bm":0,"ix":2,"mn":"ADBE Vector Group","hd":false}],"ip":0,"op":5131.00020898991,"st":0,"bm":0},{"ddd":0,"ind":12,"ty":4,"nm":"Layer 17 Outlines","parent":13,"sr":1,"ks":{"o":{"a":0,"k":100,"ix":11},"r":{"a":0,"k":0,"ix":10},"p":{"a":0,"k":[112.199,194.359,0],"ix":2},"a":{"a":0,"k":[18.705,29.555,0],"ix":1},"s":{"a":0,"k":[100,100,100],"ix":6}},"ao":0,"shapes":[{"ty":"gr","it":[{"ind":0,"ty":"sh","ix":1,"ks":{"a":1,"k":[{"i":{"x":0.833,"y":0.833},"o":{"x":0.167,"y":0.167},"t":21,"s":[{"i":[[-4.39,34.38],[0.71,1.179],[0.71,0.509],[0,2.529],[-6.22,0],[0,-6.221],[0.21,-0.859],[0.02,-0.07],[-3.56,-4.55]],"o":[[0.23,-1.771],[-0.42,-0.71],[-1.41,-1.871],[0,-6.221],[6.22,0],[0,0.93],[-0.02,0.08],[-1.19,4.939],[11.36,14.53]],"v":[[-13.735,-5.075],[-14.505,-9.475],[-16.215,-11.305],[-18.455,-18.035],[-7.195,-29.305],[4.065,-18.035],[3.745,-15.336],[3.685,-15.115],[7.095,0.195]],"c":true}]},{"i":{"x":0.833,"y":0.833},"o":{"x":0.167,"y":0.167},"t":63,"s":[{"i":[[3.78,24.683],[0.71,1.179],[0.71,0.509],[0,2.529],[-6.22,0],[0,-6.221],[0.21,-0.859],[0.02,-0.07],[-3.56,-4.55]],"o":[[-4.7,-30.685],[-0.42,-0.71],[-1.41,-1.871],[0,-6.221],[6.22,0],[0,0.93],[-0.02,0.08],[-1.19,4.939],[11.36,14.53]],"v":[[-11.985,1.925],[-14.505,-9.475],[-16.215,-11.305],[-18.455,-18.035],[-7.195,-29.305],[4.065,-18.035],[3.745,-15.336],[3.685,-15.115],[5.845,-0.805]],"c":true}]},{"i":{"x":0.833,"y":0.833},"o":{"x":0.167,"y":0.167},"t":86,"s":[{"i":[[3.78,24.683],[0.71,1.179],[0.71,0.509],[0,2.529],[-6.22,0],[0,-6.221],[0.21,-0.859],[0.02,-0.07],[-3.56,-4.55]],"o":[[-4.7,-30.685],[-0.42,-0.71],[-1.41,-1.871],[0,-6.221],[6.22,0],[0,0.93],[-0.02,0.08],[-1.19,4.939],[11.36,14.53]],"v":[[-11.985,1.925],[-14.505,-9.475],[-16.215,-11.305],[-18.455,-18.035],[-7.195,-29.305],[4.065,-18.035],[3.745,-15.336],[3.685,-15.115],[5.845,-0.805]],"c":true}]},{"t":115.000004684046,"s":[{"i":[[-4.39,34.38],[0.71,1.179],[0.71,0.509],[0,2.529],[-6.22,0],[0,-6.221],[0.21,-0.859],[0.02,-0.07],[-3.56,-4.55]],"o":[[0.23,-1.771],[-0.42,-0.71],[-1.41,-1.871],[0,-6.221],[6.22,0],[0,0.93],[-0.02,0.08],[-1.19,4.939],[11.36,14.53]],"v":[[-13.735,-5.075],[-14.505,-9.475],[-16.215,-11.305],[-18.455,-18.035],[-7.195,-29.305],[4.065,-18.035],[3.745,-15.336],[3.685,-15.115],[7.095,0.195]],"c":true}]}],"ix":2},"nm":"Path 1","mn":"ADBE Vector Shape - Group","hd":false},{"ty":"fl","c":{"a":0,"k":[1,0.784313785329,0.019607843137,1],"ix":4},"o":{"a":0,"k":100,"ix":5},"r":1,"bm":0,"nm":"Fill 1","mn":"ADBE Vector Graphic - Fill","hd":false},{"ty":"tr","p":{"a":0,"k":[18.705,29.556],"ix":2},"a":{"a":0,"k":[0,0],"ix":1},"s":{"a":0,"k":[100,100],"ix":3},"r":{"a":0,"k":0,"ix":6},"o":{"a":0,"k":100,"ix":7},"sk":{"a":0,"k":0,"ix":4},"sa":{"a":0,"k":0,"ix":5},"nm":"Transform"}],"nm":"Group 1","np":2,"cix":2,"bm":0,"ix":1,"mn":"ADBE Vector Group","hd":false},{"ty":"gr","it":[{"ind":0,"ty":"sh","ix":1,"ks":{"a":0,"k":{"i":[[0,-6.221],[0.21,-0.859],[0.02,-0.07],[5.21,0],[1.96,1.679],[0.5,0.68],[0,2.529],[-6.22,0]],"o":[[0,0.93],[-0.02,0.08],[-1.29,4.809],[-2.79,0],[-0.64,-0.54],[-1.41,-1.87],[0,-6.221],[6.22,0]],"v":[[11.26,0.005],[10.94,2.704],[10.88,2.926],[0,11.266],[-7.31,8.566],[-9.02,6.734],[-11.26,0.005],[0,-11.266]],"c":true},"ix":2},"nm":"Path 1","mn":"ADBE Vector Shape - Group","hd":false},{"ty":"fl","c":{"a":0,"k":[1,0.784313785329,0.019607843137,1],"ix":4},"o":{"a":0,"k":100,"ix":5},"r":1,"bm":0,"nm":"Fill 1","mn":"ADBE Vector Graphic - Fill","hd":false},{"ty":"tr","p":{"a":0,"k":[11.51,11.516],"ix":2},"a":{"a":0,"k":[0,0],"ix":1},"s":{"a":0,"k":[100,100],"ix":3},"r":{"a":0,"k":0,"ix":6},"o":{"a":0,"k":100,"ix":7},"sk":{"a":0,"k":0,"ix":4},"sa":{"a":0,"k":0,"ix":5},"nm":"Transform"}],"nm":"Group 2","np":2,"cix":2,"bm":0,"ix":2,"mn":"ADBE Vector Group","hd":false}],"ip":0,"op":5131.00020898991,"st":0,"bm":0},{"ddd":0,"ind":13,"ty":4,"nm":"Layer 18 Outlines","sr":1,"ks":{"o":{"a":0,"k":100,"ix":11},"r":{"a":0,"k":0,"ix":10},"p":{"a":1,"k":[{"i":{"x":0.833,"y":0.833},"o":{"x":0.167,"y":0.167},"t":1,"s":[254.183,284.603,0],"to":[0,-0.667,0],"ti":[0,0,0]},{"i":{"x":0.833,"y":0.833},"o":{"x":0.167,"y":0.167},"t":63,"s":[254.183,280.603,0],"to":[0,0,0],"ti":[0,-0.667,0]},{"t":120.0000048877,"s":[254.183,284.603,0]}],"ix":2},"a":{"a":0,"k":[137.678,114.435,0],"ix":1},"s":{"a":0,"k":[100,100,100],"ix":6}},"ao":0,"shapes":[{"ty":"gr","it":[{"ind":0,"ty":"sh","ix":1,"ks":{"a":0,"k":{"i":[[-0.259,-2.563],[-2.296,0.579],[-0.018,-0.904],[0.088,-0.97],[0,0],[0,0],[0.997,1.847],[0.339,0.838],[-0.898,0.132],[0.997,2.45],[4.03,-0.826]],"o":[[0.25,2.478],[0.878,-0.221],[0.017,0.898],[-0.19,2.09],[0,0],[0,0],[-0.468,-0.866],[-0.34,-0.841],[2.586,-0.38],[-0.806,-1.985],[-4.03,0.825]],"v":[[-7.664,-0.464],[-3.247,1.271],[-1.497,2.607],[-1.575,5.573],[0.969,6.852],[1.419,6.761],[3.255,4.583],[2.005,1.859],[3.102,-0.054],[6.926,-3.455],[-1.369,-6.838]],"c":true},"ix":2},"nm":"Path 1","mn":"ADBE Vector Shape - Group","hd":false},{"ty":"fl","c":{"a":0,"k":[0.956862804936,0.623529411765,0.117647066303,1],"ix":4},"o":{"a":0,"k":100,"ix":5},"r":1,"bm":0,"nm":"Fill 1","mn":"ADBE Vector Graphic - Fill","hd":false},{"ty":"tr","p":{"a":0,"k":[63.237,141.159],"ix":2},"a":{"a":0,"k":[0,0],"ix":1},"s":{"a":0,"k":[100,100],"ix":3},"r":{"a":0,"k":0,"ix":6},"o":{"a":0,"k":100,"ix":7},"sk":{"a":0,"k":0,"ix":4},"sa":{"a":0,"k":0,"ix":5},"nm":"Transform"}],"nm":"Group 1","np":2,"cix":2,"bm":0,"ix":1,"mn":"ADBE Vector Group","hd":false},{"ty":"gr","it":[{"ind":0,"ty":"sh","ix":1,"ks":{"a":0,"k":{"i":[[0.786,-4.525],[-4.553,-0.095],[0.414,-1.562],[0.644,-1.625],[0,0],[0,0],[0.939,3.643],[0.215,1.599],[-1.733,-0.199],[0.639,4.681],[7.892,0.493]],"o":[[-0.76,4.372],[1.739,0.036],[-0.411,1.55],[-1.385,3.498],[0,0],[0,0],[-0.441,-1.711],[-0.216,-1.607],[4.99,0.575],[-0.518,-3.791],[-7.892,-0.493]],"v":[[-14.227,-4.519],[-6.88,0.556],[-4.292,3.681],[-5.903,8.738],[-1.809,12.141],[-0.929,12.196],[3.557,9.329],[2.582,4.059],[5.564,1.293],[14.348,-2.733],[0.614,-12.479]],"c":true},"ix":2},"nm":"Path 1","mn":"ADBE Vector Shape - Group","hd":false},{"ty":"fl","c":{"a":0,"k":[0.956862804936,0.623529411765,0.117647066303,1],"ix":4},"o":{"a":0,"k":100,"ix":5},"r":1,"bm":0,"nm":"Fill 1","mn":"ADBE Vector Graphic - Fill","hd":false},{"ty":"tr","p":{"a":0,"k":[109.429,102.638],"ix":2},"a":{"a":0,"k":[0,0],"ix":1},"s":{"a":0,"k":[100,100],"ix":3},"r":{"a":0,"k":0,"ix":6},"o":{"a":0,"k":100,"ix":7},"sk":{"a":0,"k":0,"ix":4},"sa":{"a":0,"k":0,"ix":5},"nm":"Transform"}],"nm":"Group 2","np":2,"cix":2,"bm":0,"ix":2,"mn":"ADBE Vector Group","hd":false},{"ty":"gr","it":[{"ind":0,"ty":"sh","ix":1,"ks":{"a":0,"k":{"i":[[2.943,-2.108],[-2.313,-2.395],[1.091,-0.654],[1.246,-0.572],[0,0],[0,0],[-1.553,2.506],[-0.784,0.998],[-0.789,-1.002],[-2.291,2.928],[3.824,4.335]],"o":[[-2.845,2.037],[0.882,0.914],[-1.082,0.649],[-2.679,1.229],[0,0],[0,0],[0.73,-1.177],[0.788,-1.003],[2.272,2.886],[1.854,-2.371],[-3.824,-4.334]],"v":[[-5.106,-8.618],[-4.132,-2.02],[-4.54,1.046],[-8.21,3.025],[-7.989,7.021],[-7.563,7.504],[-3.626,8.22],[-1.179,4.792],[1.919,4.791],[8.74,7.075],[7.064,-5.402]],"c":true},"ix":2},"nm":"Path 1","mn":"ADBE Vector Shape - Group","hd":false},{"ty":"fl","c":{"a":0,"k":[0.956862804936,0.623529411765,0.117647066303,1],"ix":4},"o":{"a":0,"k":100,"ix":5},"r":1,"bm":0,"nm":"Fill 1","mn":"ADBE Vector Graphic - Fill","hd":false},{"ty":"tr","p":{"a":0,"k":[161.302,83.914],"ix":2},"a":{"a":0,"k":[0,0],"ix":1},"s":{"a":0,"k":[100,100],"ix":3},"r":{"a":0,"k":0,"ix":6},"o":{"a":0,"k":100,"ix":7},"sk":{"a":0,"k":0,"ix":4},"sa":{"a":0,"k":0,"ix":5},"nm":"Transform"}],"nm":"Group 3","np":2,"cix":2,"bm":0,"ix":3,"mn":"ADBE Vector Group","hd":false},{"ty":"gr","it":[{"ind":0,"ty":"sh","ix":1,"ks":{"a":0,"k":{"i":[[0,-7.484],[7.484,0],[0,7.483],[-7.484,0]],"o":[[0,7.483],[-7.484,0],[0,-7.484],[7.484,0]],"v":[[13.552,0],[0.001,13.551],[-13.552,0],[0.001,-13.551]],"c":true},"ix":2},"nm":"Path 1","mn":"ADBE Vector Shape - Group","hd":false},{"ty":"fl","c":{"a":0,"k":[0.847058883368,0.274509803922,0.164705882353,1],"ix":4},"o":{"a":0,"k":100,"ix":5},"r":1,"bm":0,"nm":"Fill 1","mn":"ADBE Vector Graphic - Fill","hd":false},{"ty":"tr","p":{"a":0,"k":[99.103,136.49],"ix":2},"a":{"a":0,"k":[0,0],"ix":1},"s":{"a":0,"k":[100,100],"ix":3},"r":{"a":0,"k":0,"ix":6},"o":{"a":0,"k":100,"ix":7},"sk":{"a":0,"k":0,"ix":4},"sa":{"a":0,"k":0,"ix":5},"nm":"Transform"}],"nm":"Group 4","np":2,"cix":2,"bm":0,"ix":4,"mn":"ADBE Vector Group","hd":false},{"ty":"gr","it":[{"ind":0,"ty":"sh","ix":1,"ks":{"a":0,"k":{"i":[[0,-7.484],[7.484,0],[0,7.483],[-7.485,0]],"o":[[0,7.483],[-7.485,0],[0,-7.484],[7.484,0]],"v":[[13.552,0],[0.001,13.551],[-13.552,0],[0.001,-13.551]],"c":true},"ix":2},"nm":"Path 1","mn":"ADBE Vector Shape - Group","hd":false},{"ty":"fl","c":{"a":0,"k":[0.847058883368,0.274509803922,0.164705882353,1],"ix":4},"o":{"a":0,"k":100,"ix":5},"r":1,"bm":0,"nm":"Fill 1","mn":"ADBE Vector Graphic - Fill","hd":false},{"ty":"tr","p":{"a":0,"k":[40.786,158.786],"ix":2},"a":{"a":0,"k":[0,0],"ix":1},"s":{"a":0,"k":[100,100],"ix":3},"r":{"a":0,"k":0,"ix":6},"o":{"a":0,"k":100,"ix":7},"sk":{"a":0,"k":0,"ix":4},"sa":{"a":0,"k":0,"ix":5},"nm":"Transform"}],"nm":"Group 5","np":2,"cix":2,"bm":0,"ix":5,"mn":"ADBE Vector Group","hd":false},{"ty":"gr","it":[{"ind":0,"ty":"sh","ix":1,"ks":{"a":0,"k":{"i":[[0,-1.093],[1.093,0],[0,1.093],[-1.093,0]],"o":[[0,1.093],[-1.093,0],[0,-1.093],[1.093,0]],"v":[[1.979,0],[0,1.979],[-1.979,0],[0,-1.979]],"c":true},"ix":2},"nm":"Path 1","mn":"ADBE Vector Shape - Group","hd":false},{"ty":"fl","c":{"a":0,"k":[0.396078461292,0,0,1],"ix":4},"o":{"a":0,"k":100,"ix":5},"r":1,"bm":0,"nm":"Fill 1","mn":"ADBE Vector Graphic - Fill","hd":false},{"ty":"tr","p":{"a":0,"k":[98.014,139.667],"ix":2},"a":{"a":0,"k":[0,0],"ix":1},"s":{"a":0,"k":[100,100],"ix":3},"r":{"a":0,"k":0,"ix":6},"o":{"a":0,"k":100,"ix":7},"sk":{"a":0,"k":0,"ix":4},"sa":{"a":0,"k":0,"ix":5},"nm":"Transform"}],"nm":"Group 6","np":2,"cix":2,"bm":0,"ix":6,"mn":"ADBE Vector Group","hd":false},{"ty":"gr","it":[{"ind":0,"ty":"sh","ix":1,"ks":{"a":0,"k":{"i":[[0,-7.484],[7.485,0],[0,7.484],[-7.484,0]],"o":[[0,7.484],[-7.484,0],[0,-7.484],[7.485,0]],"v":[[13.551,0],[0,13.551],[-13.552,0],[0,-13.551]],"c":true},"ix":2},"nm":"Path 1","mn":"ADBE Vector Shape - Group","hd":false},{"ty":"fl","c":{"a":0,"k":[0.847058883368,0.274509803922,0.164705882353,1],"ix":4},"o":{"a":0,"k":100,"ix":5},"r":1,"bm":0,"nm":"Fill 1","mn":"ADBE Vector Graphic - Fill","hd":false},{"ty":"tr","p":{"a":0,"k":[150.005,138.673],"ix":2},"a":{"a":0,"k":[0,0],"ix":1},"s":{"a":0,"k":[100,100],"ix":3},"r":{"a":0,"k":0,"ix":6},"o":{"a":0,"k":100,"ix":7},"sk":{"a":0,"k":0,"ix":4},"sa":{"a":0,"k":0,"ix":5},"nm":"Transform"}],"nm":"Group 7","np":2,"cix":2,"bm":0,"ix":7,"mn":"ADBE Vector Group","hd":false},{"ty":"gr","it":[{"ind":0,"ty":"sh","ix":1,"ks":{"a":0,"k":{"i":[[0,-7.484],[7.485,0],[0,7.484],[-7.484,0]],"o":[[0,7.484],[-7.484,0],[0,-7.484],[7.485,0]],"v":[[13.551,0],[-0.001,13.551],[-13.552,0],[-0.001,-13.551]],"c":true},"ix":2},"nm":"Path 1","mn":"ADBE Vector Shape - Group","hd":false},{"ty":"fl","c":{"a":0,"k":[0.847058883368,0.274509803922,0.164705882353,1],"ix":4},"o":{"a":0,"k":100,"ix":5},"r":1,"bm":0,"nm":"Fill 1","mn":"ADBE Vector Graphic - Fill","hd":false},{"ty":"tr","p":{"a":0,"k":[136.454,64.89],"ix":2},"a":{"a":0,"k":[0,0],"ix":1},"s":{"a":0,"k":[100,100],"ix":3},"r":{"a":0,"k":0,"ix":6},"o":{"a":0,"k":100,"ix":7},"sk":{"a":0,"k":0,"ix":4},"sa":{"a":0,"k":0,"ix":5},"nm":"Transform"}],"nm":"Group 8","np":2,"cix":2,"bm":0,"ix":8,"mn":"ADBE Vector Group","hd":false},{"ty":"gr","it":[{"ind":0,"ty":"sh","ix":1,"ks":{"a":0,"k":{"i":[[11.392,-18.53],[15.89,4.929],[-5.603,9.162]],"o":[[0,0],[-15.889,-4.928],[5.602,-9.163]],"v":[[19.255,9.254],[-4.677,13.407],[-18.686,-11.666]],"c":true},"ix":2},"nm":"Path 1","mn":"ADBE Vector Shape - Group","hd":false},{"ty":"fl","c":{"a":0,"k":[0.956862804936,0.623529411765,0.117647066303,1],"ix":4},"o":{"a":0,"k":100,"ix":5},"r":1,"bm":0,"nm":"Fill 1","mn":"ADBE Vector Graphic - Fill","hd":false},{"ty":"tr","p":{"a":0,"k":[229.816,155.957],"ix":2},"a":{"a":0,"k":[0,0],"ix":1},"s":{"a":0,"k":[100,100],"ix":3},"r":{"a":0,"k":0,"ix":6},"o":{"a":0,"k":100,"ix":7},"sk":{"a":0,"k":0,"ix":4},"sa":{"a":0,"k":0,"ix":5},"nm":"Transform"}],"nm":"Group 9","np":2,"cix":2,"bm":0,"ix":9,"mn":"ADBE Vector Group","hd":false},{"ty":"gr","it":[{"ind":0,"ty":"sh","ix":1,"ks":{"a":0,"k":{"i":[[11.392,-18.53],[15.89,4.929],[-5.603,9.162]],"o":[[0,0],[-15.889,-4.928],[5.602,-9.163]],"v":[[16.076,10.501],[-7.856,14.654],[-21.865,-10.419]],"c":true},"ix":2},"nm":"Path 1","mn":"ADBE Vector Shape - Group","hd":false},{"ty":"fl","c":{"a":0,"k":[0.968627510819,0.686274509804,0.254901960784,1],"ix":4},"o":{"a":0,"k":100,"ix":5},"r":1,"bm":0,"nm":"Fill 1","mn":"ADBE Vector Graphic - Fill","hd":false},{"ty":"tr","p":{"a":0,"k":[232.995,154.711],"ix":2},"a":{"a":0,"k":[0,0],"ix":1},"s":{"a":0,"k":[100,100],"ix":3},"r":{"a":0,"k":0,"ix":6},"o":{"a":0,"k":100,"ix":7},"sk":{"a":0,"k":0,"ix":4},"sa":{"a":0,"k":0,"ix":5},"nm":"Transform"}],"nm":"Group 10","np":2,"cix":2,"bm":0,"ix":10,"mn":"ADBE Vector Group","hd":false},{"ty":"gr","it":[{"ind":0,"ty":"sh","ix":1,"ks":{"a":0,"k":{"i":[[17.163,-97.655],[0,0],[42.005,52.01],[6.225,-12.282],[0,0]],"o":[[-3.165,18.005],[0,0],[-42.004,-52.012],[-6.226,12.283],[0,0]],"v":[[12.823,61.561],[50.764,82.481],[34.794,-30.469],[-70.573,-62.313],[-64.465,-44.412]],"c":true},"ix":2},"nm":"Path 1","mn":"ADBE Vector Shape - Group","hd":false},{"ty":"fl","c":{"a":0,"k":[0.941176530427,0.752941236309,0.298039215686,1],"ix":4},"o":{"a":0,"k":100,"ix":5},"r":1,"bm":0,"nm":"Fill 1","mn":"ADBE Vector Graphic - Fill","hd":false},{"ty":"tr","p":{"a":0,"k":[198.306,82.731],"ix":2},"a":{"a":0,"k":[0,0],"ix":1},"s":{"a":0,"k":[100,100],"ix":3},"r":{"a":0,"k":0,"ix":6},"o":{"a":0,"k":100,"ix":7},"sk":{"a":0,"k":0,"ix":4},"sa":{"a":0,"k":0,"ix":5},"nm":"Transform"}],"nm":"Group 11","np":2,"cix":2,"bm":0,"ix":11,"mn":"ADBE Vector Group","hd":false},{"ty":"gr","it":[{"ind":0,"ty":"sh","ix":1,"ks":{"a":0,"k":{"i":[[-0.838,-1.161],[1.478,-1.065],[0.838,1.162],[-1.479,1.067]],"o":[[0.837,1.162],[-1.479,1.067],[-0.837,-1.161],[1.478,-1.065]],"v":[[2.677,-1.931],[1.517,2.102],[-2.677,1.929],[-1.516,-2.104]],"c":true},"ix":2},"nm":"Path 1","mn":"ADBE Vector Shape - Group","hd":false},{"ty":"fl","c":{"a":0,"k":[0.423529441684,0.094117654539,0.305882352941,1],"ix":4},"o":{"a":0,"k":100,"ix":5},"r":1,"bm":0,"nm":"Fill 1","mn":"ADBE Vector Graphic - Fill","hd":false},{"ty":"tr","p":{"a":0,"k":[85.185,111.983],"ix":2},"a":{"a":0,"k":[0,0],"ix":1},"s":{"a":0,"k":[100,100],"ix":3},"r":{"a":0,"k":0,"ix":6},"o":{"a":0,"k":100,"ix":7},"sk":{"a":0,"k":0,"ix":4},"sa":{"a":0,"k":0,"ix":5},"nm":"Transform"}],"nm":"Group 12","np":2,"cix":2,"bm":0,"ix":12,"mn":"ADBE Vector Group","hd":false},{"ty":"gr","it":[{"ind":0,"ty":"sh","ix":1,"ks":{"a":0,"k":{"i":[[-0.642,-0.889],[1.132,-0.817],[0.641,0.89],[-1.132,0.817]],"o":[[0.641,0.89],[-1.133,0.816],[-0.641,-0.889],[1.132,-0.816]],"v":[[2.05,-1.478],[1.162,1.611],[-2.049,1.478],[-1.161,-1.61]],"c":true},"ix":2},"nm":"Path 1","mn":"ADBE Vector Shape - Group","hd":false},{"ty":"fl","c":{"a":0,"k":[0.423529441684,0.094117654539,0.305882352941,1],"ix":4},"o":{"a":0,"k":100,"ix":5},"r":1,"bm":0,"nm":"Fill 1","mn":"ADBE Vector Graphic - Fill","hd":false},{"ty":"tr","p":{"a":0,"k":[63.111,120.153],"ix":2},"a":{"a":0,"k":[0,0],"ix":1},"s":{"a":0,"k":[100,100],"ix":3},"r":{"a":0,"k":0,"ix":6},"o":{"a":0,"k":100,"ix":7},"sk":{"a":0,"k":0,"ix":4},"sa":{"a":0,"k":0,"ix":5},"nm":"Transform"}],"nm":"Group 13","np":2,"cix":2,"bm":0,"ix":13,"mn":"ADBE Vector Group","hd":false},{"ty":"gr","it":[{"ind":0,"ty":"sh","ix":1,"ks":{"a":0,"k":{"i":[[-0.422,-0.585],[0.744,-0.537],[0.422,0.585],[-0.744,0.536]],"o":[[0.422,0.585],[-0.745,0.536],[-0.422,-0.584],[0.745,-0.537]],"v":[[1.348,-0.972],[0.764,1.059],[-1.348,0.971],[-0.764,-1.059]],"c":true},"ix":2},"nm":"Path 1","mn":"ADBE Vector Shape - Group","hd":false},{"ty":"fl","c":{"a":0,"k":[0.423529441684,0.094117654539,0.305882352941,1],"ix":4},"o":{"a":0,"k":100,"ix":5},"r":1,"bm":0,"nm":"Fill 1","mn":"ADBE Vector Graphic - Fill","hd":false},{"ty":"tr","p":{"a":0,"k":[38.396,180.268],"ix":2},"a":{"a":0,"k":[0,0],"ix":1},"s":{"a":0,"k":[100,100],"ix":3},"r":{"a":0,"k":0,"ix":6},"o":{"a":0,"k":100,"ix":7},"sk":{"a":0,"k":0,"ix":4},"sa":{"a":0,"k":0,"ix":5},"nm":"Transform"}],"nm":"Group 14","np":2,"cix":2,"bm":0,"ix":14,"mn":"ADBE Vector Group","hd":false},{"ty":"gr","it":[{"ind":0,"ty":"sh","ix":1,"ks":{"a":0,"k":{"i":[[-0.642,-0.89],[1.133,-0.817],[0.641,0.889],[-1.132,0.817]],"o":[[0.641,0.889],[-1.132,0.816],[-0.642,-0.89],[1.132,-0.816]],"v":[[2.05,-1.478],[1.161,1.61],[-2.049,1.478],[-1.161,-1.611]],"c":true},"ix":2},"nm":"Path 1","mn":"ADBE Vector Shape - Group","hd":false},{"ty":"fl","c":{"a":0,"k":[0.423529441684,0.094117654539,0.305882352941,1],"ix":4},"o":{"a":0,"k":100,"ix":5},"r":1,"bm":0,"nm":"Fill 1","mn":"ADBE Vector Graphic - Fill","hd":false},{"ty":"tr","p":{"a":0,"k":[79.037,153.659],"ix":2},"a":{"a":0,"k":[0,0],"ix":1},"s":{"a":0,"k":[100,100],"ix":3},"r":{"a":0,"k":0,"ix":6},"o":{"a":0,"k":100,"ix":7},"sk":{"a":0,"k":0,"ix":4},"sa":{"a":0,"k":0,"ix":5},"nm":"Transform"}],"nm":"Group 15","np":2,"cix":2,"bm":0,"ix":15,"mn":"ADBE Vector Group","hd":false},{"ty":"gr","it":[{"ind":0,"ty":"sh","ix":1,"ks":{"a":0,"k":{"i":[[-0.758,-1.052],[1.339,-0.965],[0.759,1.052],[-1.339,0.966]],"o":[[0.759,1.053],[-1.339,0.966],[-0.758,-1.052],[1.339,-0.966]],"v":[[2.424,-1.749],[1.373,1.904],[-2.425,1.748],[-1.374,-1.905]],"c":true},"ix":2},"nm":"Path 1","mn":"ADBE Vector Shape - Group","hd":false},{"ty":"fl","c":{"a":0,"k":[0.423529441684,0.094117654539,0.305882352941,1],"ix":4},"o":{"a":0,"k":100,"ix":5},"r":1,"bm":0,"nm":"Fill 1","mn":"ADBE Vector Graphic - Fill","hd":false},{"ty":"tr","p":{"a":0,"k":[61.099,165.057],"ix":2},"a":{"a":0,"k":[0,0],"ix":1},"s":{"a":0,"k":[100,100],"ix":3},"r":{"a":0,"k":0,"ix":6},"o":{"a":0,"k":100,"ix":7},"sk":{"a":0,"k":0,"ix":4},"sa":{"a":0,"k":0,"ix":5},"nm":"Transform"}],"nm":"Group 16","np":2,"cix":2,"bm":0,"ix":16,"mn":"ADBE Vector Group","hd":false},{"ty":"gr","it":[{"ind":0,"ty":"sh","ix":1,"ks":{"a":0,"k":{"i":[[-0.571,-0.792],[1.008,-0.727],[0.571,0.793],[-1.009,0.727]],"o":[[0.572,0.792],[-1.008,0.728],[-0.572,-0.792],[1.008,-0.727]],"v":[[1.825,-1.317],[1.034,1.434],[-1.826,1.316],[-1.035,-1.435]],"c":true},"ix":2},"nm":"Path 1","mn":"ADBE Vector Shape - Group","hd":false},{"ty":"fl","c":{"a":0,"k":[0.423529441684,0.094117654539,0.305882352941,1],"ix":4},"o":{"a":0,"k":100,"ix":5},"r":1,"bm":0,"nm":"Fill 1","mn":"ADBE Vector Graphic - Fill","hd":false},{"ty":"tr","p":{"a":0,"k":[130.011,107.74],"ix":2},"a":{"a":0,"k":[0,0],"ix":1},"s":{"a":0,"k":[100,100],"ix":3},"r":{"a":0,"k":0,"ix":6},"o":{"a":0,"k":100,"ix":7},"sk":{"a":0,"k":0,"ix":4},"sa":{"a":0,"k":0,"ix":5},"nm":"Transform"}],"nm":"Group 17","np":2,"cix":2,"bm":0,"ix":17,"mn":"ADBE Vector Group","hd":false},{"ty":"gr","it":[{"ind":0,"ty":"sh","ix":1,"ks":{"a":0,"k":{"i":[[-0.576,-0.798],[1.016,-0.732],[0.576,0.799],[-1.017,0.732]],"o":[[0.576,0.799],[-1.017,0.734],[-0.576,-0.799],[1.016,-0.734]],"v":[[1.84,-1.328],[1.043,1.445],[-1.841,1.327],[-1.043,-1.446]],"c":true},"ix":2},"nm":"Path 1","mn":"ADBE Vector Shape - Group","hd":false},{"ty":"fl","c":{"a":0,"k":[0.423529441684,0.094117654539,0.305882352941,1],"ix":4},"o":{"a":0,"k":100,"ix":5},"r":1,"bm":0,"nm":"Fill 1","mn":"ADBE Vector Graphic - Fill","hd":false},{"ty":"tr","p":{"a":0,"k":[124.947,129.436],"ix":2},"a":{"a":0,"k":[0,0],"ix":1},"s":{"a":0,"k":[100,100],"ix":3},"r":{"a":0,"k":0,"ix":6},"o":{"a":0,"k":100,"ix":7},"sk":{"a":0,"k":0,"ix":4},"sa":{"a":0,"k":0,"ix":5},"nm":"Transform"}],"nm":"Group 18","np":2,"cix":2,"bm":0,"ix":18,"mn":"ADBE Vector Group","hd":false},{"ty":"gr","it":[{"ind":0,"ty":"sh","ix":1,"ks":{"a":0,"k":{"i":[[-0.316,-0.836],[1.064,-0.402],[0.315,0.837],[-1.064,0.401]],"o":[[0.315,0.836],[-1.065,0.402],[-0.316,-0.836],[1.064,-0.402]],"v":[[1.927,-0.728],[0.572,1.514],[-1.927,0.727],[-0.572,-1.514]],"c":true},"ix":2},"nm":"Path 1","mn":"ADBE Vector Shape - Group","hd":false},{"ty":"fl","c":{"a":0,"k":[0.423529441684,0.094117654539,0.305882352941,1],"ix":4},"o":{"a":0,"k":100,"ix":5},"r":1,"bm":0,"nm":"Fill 1","mn":"ADBE Vector Graphic - Fill","hd":false},{"ty":"tr","p":{"a":0,"k":[160.032,101.072],"ix":2},"a":{"a":0,"k":[0,0],"ix":1},"s":{"a":0,"k":[100,100],"ix":3},"r":{"a":0,"k":0,"ix":6},"o":{"a":0,"k":100,"ix":7},"sk":{"a":0,"k":0,"ix":4},"sa":{"a":0,"k":0,"ix":5},"nm":"Transform"}],"nm":"Group 19","np":2,"cix":2,"bm":0,"ix":19,"mn":"ADBE Vector Group","hd":false},{"ty":"gr","it":[{"ind":0,"ty":"sh","ix":1,"ks":{"a":0,"k":{"i":[[-0.383,-1.014],[1.291,-0.488],[0.383,1.014],[-1.291,0.488]],"o":[[0.383,1.014],[-1.291,0.487],[-0.383,-1.014],[1.29,-0.487]],"v":[[2.337,-0.883],[0.693,1.836],[-2.337,0.882],[-0.693,-1.837]],"c":true},"ix":2},"nm":"Path 1","mn":"ADBE Vector Shape - Group","hd":false},{"ty":"fl","c":{"a":0,"k":[0.423529441684,0.094117654539,0.305882352941,1],"ix":4},"o":{"a":0,"k":100,"ix":5},"r":1,"bm":0,"nm":"Fill 1","mn":"ADBE Vector Graphic - Fill","hd":false},{"ty":"tr","p":{"a":0,"k":[101.542,81.621],"ix":2},"a":{"a":0,"k":[0,0],"ix":1},"s":{"a":0,"k":[100,100],"ix":3},"r":{"a":0,"k":0,"ix":6},"o":{"a":0,"k":100,"ix":7},"sk":{"a":0,"k":0,"ix":4},"sa":{"a":0,"k":0,"ix":5},"nm":"Transform"}],"nm":"Group 20","np":2,"cix":2,"bm":0,"ix":20,"mn":"ADBE Vector Group","hd":false},{"ty":"gr","it":[{"ind":0,"ty":"sh","ix":1,"ks":{"a":0,"k":{"i":[[-0.383,-1.014],[1.291,-0.488],[0.383,1.014],[-1.291,0.487]],"o":[[0.383,1.014],[-1.29,0.487],[-0.383,-1.014],[1.29,-0.487]],"v":[[2.337,-0.883],[0.693,1.837],[-2.337,0.883],[-0.693,-1.835]],"c":true},"ix":2},"nm":"Path 1","mn":"ADBE Vector Shape - Group","hd":false},{"ty":"fl","c":{"a":0,"k":[0.423529441684,0.094117654539,0.305882352941,1],"ix":4},"o":{"a":0,"k":100,"ix":5},"r":1,"bm":0,"nm":"Fill 1","mn":"ADBE Vector Graphic - Fill","hd":false},{"ty":"tr","p":{"a":0,"k":[124.947,88.277],"ix":2},"a":{"a":0,"k":[0,0],"ix":1},"s":{"a":0,"k":[100,100],"ix":3},"r":{"a":0,"k":0,"ix":6},"o":{"a":0,"k":100,"ix":7},"sk":{"a":0,"k":0,"ix":4},"sa":{"a":0,"k":0,"ix":5},"nm":"Transform"}],"nm":"Group 21","np":2,"cix":2,"bm":0,"ix":21,"mn":"ADBE Vector Group","hd":false},{"ty":"gr","it":[{"ind":0,"ty":"sh","ix":1,"ks":{"a":0,"k":{"i":[[-0.383,-1.015],[1.291,-0.489],[0.383,1.013],[-1.29,0.487]],"o":[[0.383,1.014],[-1.291,0.487],[-0.383,-1.014],[1.291,-0.487]],"v":[[2.337,-0.883],[0.693,1.837],[-2.337,0.883],[-0.693,-1.837]],"c":true},"ix":2},"nm":"Path 1","mn":"ADBE Vector Shape - Group","hd":false},{"ty":"fl","c":{"a":0,"k":[0.423529441684,0.094117654539,0.305882352941,1],"ix":4},"o":{"a":0,"k":100,"ix":5},"r":1,"bm":0,"nm":"Fill 1","mn":"ADBE Vector Graphic - Fill","hd":false},{"ty":"tr","p":{"a":0,"k":[185.703,108.213],"ix":2},"a":{"a":0,"k":[0,0],"ix":1},"s":{"a":0,"k":[100,100],"ix":3},"r":{"a":0,"k":0,"ix":6},"o":{"a":0,"k":100,"ix":7},"sk":{"a":0,"k":0,"ix":4},"sa":{"a":0,"k":0,"ix":5},"nm":"Transform"}],"nm":"Group 22","np":2,"cix":2,"bm":0,"ix":22,"mn":"ADBE Vector Group","hd":false},{"ty":"gr","it":[{"ind":0,"ty":"sh","ix":1,"ks":{"a":0,"k":{"i":[[-0.337,-0.893],[1.136,-0.429],[0.337,0.893],[-1.137,0.429]],"o":[[0.337,0.893],[-1.136,0.429],[-0.337,-0.892],[1.136,-0.429]],"v":[[2.057,-0.777],[0.61,1.617],[-2.057,0.777],[-0.61,-1.617]],"c":true},"ix":2},"nm":"Path 1","mn":"ADBE Vector Shape - Group","hd":false},{"ty":"fl","c":{"a":0,"k":[0.423529441684,0.094117654539,0.305882352941,1],"ix":4},"o":{"a":0,"k":100,"ix":5},"r":1,"bm":0,"nm":"Fill 1","mn":"ADBE Vector Graphic - Fill","hd":false},{"ty":"tr","p":{"a":0,"k":[181.733,85.381],"ix":2},"a":{"a":0,"k":[0,0],"ix":1},"s":{"a":0,"k":[100,100],"ix":3},"r":{"a":0,"k":0,"ix":6},"o":{"a":0,"k":100,"ix":7},"sk":{"a":0,"k":0,"ix":4},"sa":{"a":0,"k":0,"ix":5},"nm":"Transform"}],"nm":"Group 23","np":2,"cix":2,"bm":0,"ix":23,"mn":"ADBE Vector Group","hd":false},{"ty":"gr","it":[{"ind":0,"ty":"sh","ix":1,"ks":{"a":0,"k":{"i":[[-0.487,-1.291],[1.644,-0.62],[0.488,1.291],[-1.643,0.621]],"o":[[0.487,1.291],[-1.643,0.621],[-0.487,-1.291],[1.643,-0.62]],"v":[[2.976,-1.123],[0.883,2.338],[-2.975,1.124],[-0.882,-2.338]],"c":true},"ix":2},"nm":"Path 1","mn":"ADBE Vector Shape - Group","hd":false},{"ty":"fl","c":{"a":0,"k":[0.423529441684,0.094117654539,0.305882352941,1],"ix":4},"o":{"a":0,"k":100,"ix":5},"r":1,"bm":0,"nm":"Fill 1","mn":"ADBE Vector Graphic - Fill","hd":false},{"ty":"tr","p":{"a":0,"k":[151.592,115.827],"ix":2},"a":{"a":0,"k":[0,0],"ix":1},"s":{"a":0,"k":[100,100],"ix":3},"r":{"a":0,"k":0,"ix":6},"o":{"a":0,"k":100,"ix":7},"sk":{"a":0,"k":0,"ix":4},"sa":{"a":0,"k":0,"ix":5},"nm":"Transform"}],"nm":"Group 24","np":2,"cix":2,"bm":0,"ix":24,"mn":"ADBE Vector Group","hd":false},{"ty":"gr","it":[{"ind":0,"ty":"sh","ix":1,"ks":{"a":0,"k":{"i":[[-0.413,-1.594],[2.18,-0.564],[0.413,1.594],[-2.181,0.565]],"o":[[0.413,1.594],[-2.181,0.566],[-0.414,-1.593],[2.18,-0.565]],"v":[[3.948,-1.024],[0.748,2.884],[-3.948,1.022],[-0.747,-2.886]],"c":true},"ix":2},"nm":"Path 1","mn":"ADBE Vector Shape - Group","hd":false},{"ty":"fl","c":{"a":0,"k":[0.423529441684,0.094117654539,0.305882352941,1],"ix":4},"o":{"a":0,"k":100,"ix":5},"r":1,"bm":0,"nm":"Fill 1","mn":"ADBE Vector Graphic - Fill","hd":false},{"ty":"tr","p":{"a":0,"k":[177.667,133.255],"ix":2},"a":{"a":0,"k":[0,0],"ix":1},"s":{"a":0,"k":[100,100],"ix":3},"r":{"a":0,"k":0,"ix":6},"o":{"a":0,"k":100,"ix":7},"sk":{"a":0,"k":0,"ix":4},"sa":{"a":0,"k":0,"ix":5},"nm":"Transform"}],"nm":"Group 25","np":2,"cix":2,"bm":0,"ix":25,"mn":"ADBE Vector Group","hd":false},{"ty":"gr","it":[{"ind":0,"ty":"sh","ix":1,"ks":{"a":0,"k":{"i":[[-0.254,-0.98],[1.342,-0.347],[0.253,0.98],[-1.34,0.347]],"o":[[0.255,0.979],[-1.341,0.348],[-0.254,-0.98],[1.342,-0.348]],"v":[[2.429,-0.629],[0.46,1.775],[-2.428,0.629],[-0.46,-1.775]],"c":true},"ix":2},"nm":"Path 1","mn":"ADBE Vector Shape - Group","hd":false},{"ty":"fl","c":{"a":0,"k":[0.423529441684,0.094117654539,0.305882352941,1],"ix":4},"o":{"a":0,"k":100,"ix":5},"r":1,"bm":0,"nm":"Fill 1","mn":"ADBE Vector Graphic - Fill","hd":false},{"ty":"tr","p":{"a":0,"k":[189.224,139.667],"ix":2},"a":{"a":0,"k":[0,0],"ix":1},"s":{"a":0,"k":[100,100],"ix":3},"r":{"a":0,"k":0,"ix":6},"o":{"a":0,"k":100,"ix":7},"sk":{"a":0,"k":0,"ix":4},"sa":{"a":0,"k":0,"ix":5},"nm":"Transform"}],"nm":"Group 26","np":2,"cix":2,"bm":0,"ix":26,"mn":"ADBE Vector Group","hd":false},{"ty":"gr","it":[{"ind":0,"ty":"sh","ix":1,"ks":{"a":0,"k":{"i":[[0.333,2.504],[0,0],[-0.411,-3.878],[2.325,4.933]],"o":[[0.102,7.333],[0,0],[3.954,-3.892],[-0.936,-1.985]],"v":[[4.464,-10.977],[-6.886,5.174],[-0.478,10.977],[6.306,-4.204]],"c":true},"ix":2},"nm":"Path 1","mn":"ADBE Vector Shape - Group","hd":false},{"ty":"fl","c":{"a":0,"k":[0.423529441684,0.094117654539,0.305882352941,1],"ix":4},"o":{"a":0,"k":100,"ix":5},"r":1,"bm":0,"nm":"Fill 1","mn":"ADBE Vector Graphic - Fill","hd":false},{"ty":"tr","p":{"a":0,"k":[217.68,127.944],"ix":2},"a":{"a":0,"k":[0,0],"ix":1},"s":{"a":0,"k":[100,100],"ix":3},"r":{"a":0,"k":0,"ix":6},"o":{"a":0,"k":100,"ix":7},"sk":{"a":0,"k":0,"ix":4},"sa":{"a":0,"k":0,"ix":5},"nm":"Transform"}],"nm":"Group 27","np":2,"cix":2,"bm":0,"ix":27,"mn":"ADBE Vector Group","hd":false},{"ty":"gr","it":[{"ind":0,"ty":"sh","ix":1,"ks":{"a":0,"k":{"i":[[0.002,-0.076],[-3.605,-7.648],[-0.095,-0.428],[-0.222,8.489],[1.548,2.957]],"o":[[-0.319,12.198],[0.193,0.411],[-0.68,-6.912],[0.088,-3.368],[-0.001,0.076]],"v":[[-0.22,-16.465],[1.318,15.432],[1.745,16.693],[2.199,-7.124],[-0.223,-16.693]],"c":true},"ix":2},"nm":"Path 1","mn":"ADBE Vector Shape - Group","hd":false},{"ty":"fl","c":{"a":0,"k":[0.423529441684,0.094117654539,0.305882352941,1],"ix":4},"o":{"a":0,"k":100,"ix":5},"r":1,"bm":0,"nm":"Fill 1","mn":"ADBE Vector Graphic - Fill","hd":false},{"ty":"tr","p":{"a":0,"k":[220.248,98.969],"ix":2},"a":{"a":0,"k":[0,0],"ix":1},"s":{"a":0,"k":[100,100],"ix":3},"r":{"a":0,"k":0,"ix":6},"o":{"a":0,"k":100,"ix":7},"sk":{"a":0,"k":0,"ix":4},"sa":{"a":0,"k":0,"ix":5},"nm":"Transform"}],"nm":"Group 28","np":2,"cix":2,"bm":0,"ix":28,"mn":"ADBE Vector Group","hd":false},{"ty":"gr","it":[{"ind":0,"ty":"sh","ix":1,"ks":{"a":0,"k":{"i":[[0.025,-0.052],[-0.092,0.063],[0.025,0.017]],"o":[[0,0],[-0.025,-0.017],[-0.024,0.051]],"v":[[-0.073,0.077],[0.072,-0.025],[-0.001,-0.077]],"c":true},"ix":2},"nm":"Path 1","mn":"ADBE Vector Shape - Group","hd":false},{"ty":"fl","c":{"a":0,"k":[0.423529441684,0.094117654539,0.305882352941,1],"ix":4},"o":{"a":0,"k":100,"ix":5},"r":1,"bm":0,"nm":"Fill 1","mn":"ADBE Vector Graphic - Fill","hd":false},{"ty":"tr","p":{"a":0,"k":[179.834,46.683],"ix":2},"a":{"a":0,"k":[0,0],"ix":1},"s":{"a":0,"k":[100,100],"ix":3},"r":{"a":0,"k":0,"ix":6},"o":{"a":0,"k":100,"ix":7},"sk":{"a":0,"k":0,"ix":4},"sa":{"a":0,"k":0,"ix":5},"nm":"Transform"}],"nm":"Group 29","np":2,"cix":2,"bm":0,"ix":29,"mn":"ADBE Vector Group","hd":false},{"ty":"gr","it":[{"ind":0,"ty":"sh","ix":1,"ks":{"a":0,"k":{"i":[[-7.368,-2.591],[6.842,2.162]],"o":[[-5.366,-5.168],[4.643,4.995]],"v":[[11.148,2.907],[-11.149,-2.907]],"c":true},"ix":2},"nm":"Path 1","mn":"ADBE Vector Shape - Group","hd":false},{"ty":"fl","c":{"a":0,"k":[1,1,1,1],"ix":4},"o":{"a":0,"k":100,"ix":5},"r":1,"bm":0,"nm":"Fill 1","mn":"ADBE Vector Graphic - Fill","hd":false},{"ty":"tr","p":{"a":0,"k":[170,44.769],"ix":2},"a":{"a":0,"k":[0,0],"ix":1},"s":{"a":0,"k":[100,100],"ix":3},"r":{"a":0,"k":0,"ix":6},"o":{"a":0,"k":100,"ix":7},"sk":{"a":0,"k":0,"ix":4},"sa":{"a":0,"k":0,"ix":5},"nm":"Transform"}],"nm":"Group 30","np":2,"cix":2,"bm":0,"ix":30,"mn":"ADBE Vector Group","hd":false},{"ty":"gr","it":[{"ind":0,"ty":"sh","ix":1,"ks":{"a":0,"k":{"i":[[0.855,-1.752],[-5.401,-1.601],[2.633,-0.339]],"o":[[0,0],[-3.133,-2.894],[0.228,1.491]],"v":[[-5.019,2.625],[5.019,0.775],[-3.979,-2.286]],"c":true},"ix":2},"nm":"Path 1","mn":"ADBE Vector Shape - Group","hd":false},{"ty":"fl","c":{"a":0,"k":[1,1,1,1],"ix":4},"o":{"a":0,"k":100,"ix":5},"r":1,"bm":0,"nm":"Fill 1","mn":"ADBE Vector Graphic - Fill","hd":false},{"ty":"tr","p":{"a":0,"k":[191.836,56.202],"ix":2},"a":{"a":0,"k":[0,0],"ix":1},"s":{"a":0,"k":[100,100],"ix":3},"r":{"a":0,"k":0,"ix":6},"o":{"a":0,"k":100,"ix":7},"sk":{"a":0,"k":0,"ix":4},"sa":{"a":0,"k":0,"ix":5},"nm":"Transform"}],"nm":"Group 31","np":2,"cix":2,"bm":0,"ix":31,"mn":"ADBE Vector Group","hd":false},{"ty":"gr","it":[{"ind":0,"ty":"sh","ix":1,"ks":{"a":0,"k":{"i":[[-0.091,-0.032],[0.031,0.029],[0,0]],"o":[[-0.03,-0.029],[-0.033,0.026],[0,0]],"v":[[0.072,0.044],[-0.02,-0.044],[-0.072,-0.005]],"c":true},"ix":2},"nm":"Path 1","mn":"ADBE Vector Shape - Group","hd":false},{"ty":"fl","c":{"a":0,"k":[1,1,1,1],"ix":4},"o":{"a":0,"k":100,"ix":5},"r":1,"bm":0,"nm":"Fill 1","mn":"ADBE Vector Graphic - Fill","hd":false},{"ty":"tr","p":{"a":0,"k":[217.922,145.19],"ix":2},"a":{"a":0,"k":[0,0],"ix":1},"s":{"a":0,"k":[100,100],"ix":3},"r":{"a":0,"k":0,"ix":6},"o":{"a":0,"k":100,"ix":7},"sk":{"a":0,"k":0,"ix":4},"sa":{"a":0,"k":0,"ix":5},"nm":"Transform"}],"nm":"Group 32","np":2,"cix":2,"bm":0,"ix":32,"mn":"ADBE Vector Group","hd":false},{"ty":"gr","it":[{"ind":0,"ty":"sh","ix":1,"ks":{"a":0,"k":{"i":[[-2.052,-0.471],[-0.578,-0.244],[1.253,0.579]],"o":[[0.471,0.108],[-1.492,-1.091],[0.122,0.932]],"v":[[0.506,0.726],[2.09,1.262],[-2.09,-1.262]],"c":true},"ix":2},"nm":"Path 1","mn":"ADBE Vector Shape - Group","hd":false},{"ty":"fl","c":{"a":0,"k":[1,1,1,1],"ix":4},"o":{"a":0,"k":100,"ix":5},"r":1,"bm":0,"nm":"Fill 1","mn":"ADBE Vector Graphic - Fill","hd":false},{"ty":"tr","p":{"a":0,"k":[208.063,69.835],"ix":2},"a":{"a":0,"k":[0,0],"ix":1},"s":{"a":0,"k":[100,100],"ix":3},"r":{"a":0,"k":0,"ix":6},"o":{"a":0,"k":100,"ix":7},"sk":{"a":0,"k":0,"ix":4},"sa":{"a":0,"k":0,"ix":5},"nm":"Transform"}],"nm":"Group 33","np":2,"cix":2,"bm":0,"ix":33,"mn":"ADBE Vector Group","hd":false},{"ty":"gr","it":[{"ind":0,"ty":"sh","ix":1,"ks":{"a":0,"k":{"i":[[17.16,-10.08],[13.29,-4.37],[18.06,10.011],[2.16,-8.27],[0,0.9],[6.22,0],[0,-6.22],[-1.41,-1.87],[10.39,-7.86],[-0.13,-5.841],[4.06,0],[0,-4.41],[-1.55,-1.449],[9.62,-3.69],[-24.28,58.301],[0,0],[-5.95,-6.95],[-6.191,-8.67],[1.29,-2.63],[-7.189,-7.17],[-5.43,-1.24],[0.32,-12.19],[-3.609,-7.649],[0,0]],"o":[[0,0],[-17.81,5.849],[-13.41,-7.439],[0.2,-0.83],[0,-6.22],[-6.22,0],[0,2.53],[-7.3,-5.3],[-5.43,4.109],[-0.5,-3.93],[-4.4,0],[0,2.29],[-7.08,-4.079],[-10.55,4.04],[24.27,-58.309],[0,0],[5.95,6.96],[1.379,1.93],[0,0],[7.2,7.18],[5.42,1.25],[-0.319,12.2],[3.601,7.651],[0,0]],"v":[[96.96,29.82],[59.22,34.33],[25.65,43.799],[1.58,50.25],[1.88,47.64],[-9.38,36.37],[-20.64,47.64],[-18.4,54.37],[-57.19,61.86],[-64.33,77.39],[-72.25,70.429],[-80.22,78.41],[-77.7,84.219],[-101.72,91.71],[-89.84,19.549],[19.23,-89.37],[39.38,-88.8],[67.771,-78.59],[67.57,-71.59],[82.67,-70.32],[89.33,-59.86],[107.84,-35.85],[109.38,-3.951],[98.61,14.77]],"c":true},"ix":2},"nm":"Path 1","mn":"ADBE Vector Shape - Group","hd":false},{"ty":"fl","c":{"a":0,"k":[1,0.784313785329,0.019607843137,1],"ix":4},"o":{"a":0,"k":100,"ix":5},"r":1,"bm":0,"nm":"Fill 1","mn":"ADBE Vector Graphic - Fill","hd":false},{"ty":"tr","p":{"a":0,"k":[114.384,128.684],"ix":2},"a":{"a":0,"k":[0,0],"ix":1},"s":{"a":0,"k":[100,100],"ix":3},"r":{"a":0,"k":0,"ix":6},"o":{"a":0,"k":100,"ix":7},"sk":{"a":0,"k":0,"ix":4},"sa":{"a":0,"k":0,"ix":5},"nm":"Transform"}],"nm":"Group 34","np":2,"cix":2,"bm":0,"ix":34,"mn":"ADBE Vector Group","hd":false},{"ty":"gr","it":[{"ind":0,"ty":"sh","ix":1,"ks":{"a":0,"k":{"i":[[54.583,-106.659],[-39.098,23.923],[-46.165,-5.838],[34.263,17.616]],"o":[[0,0],[39.097,-23.921],[46.166,5.837],[-34.261,-17.618]],"v":[[-128.806,83.017],[-94.959,75.788],[87.891,39.421],[67.202,-82.093]],"c":true},"ix":2},"nm":"Path 1","mn":"ADBE Vector Shape - Group","hd":false},{"ty":"fl","c":{"a":0,"k":[0.941176530427,0.752941236309,0.298039215686,1],"ix":4},"o":{"a":0,"k":100,"ix":5},"r":1,"bm":0,"nm":"Fill 1","mn":"ADBE Vector Graphic - Fill","hd":false},{"ty":"tr","p":{"a":0,"k":[134.307,128.909],"ix":2},"a":{"a":0,"k":[0,0],"ix":1},"s":{"a":0,"k":[100,100],"ix":3},"r":{"a":0,"k":0,"ix":6},"o":{"a":0,"k":100,"ix":7},"sk":{"a":0,"k":0,"ix":4},"sa":{"a":0,"k":0,"ix":5},"nm":"Transform"}],"nm":"Group 35","np":2,"cix":2,"bm":0,"ix":35,"mn":"ADBE Vector Group","hd":false}],"ip":0,"op":5131.00020898991,"st":0,"bm":0}],"markers":[]}